v2,label
,0
,0
,1
,0
,0
,1
,0
,0
,1
,1
,0
,1
,1
,0
,0
,1
,0
,0
,0
,1
,0
,0
,0
,0
,0
,0
,0
,0
,0
,0
,0
,0
,0
,0
,1
,0
,0
,0
,0
,0
,0
,0
,1
,0
,0
,0
,0
,0
,0
,0
,0
,0
,0
,0
,1
,0
,1
,0
,0
,0
,0
,0
,0
,0
,0
,1
,0
,1
,1
,0
,0
,0
,0
,0
,0
,0
,0
,0
,0
,0
,0
,0
,0
,0
,0
,0
,0
,0
,0
,0
,0
,0
,0
,1
,0
,1
,0
,0
,0
,0
,0
,0
,0
,0
,0
,0
,0
,0
,0
,0
,0
,0
,0
,1
,0
,0
,1
,0
,0
,1
,1
,0
,1
,0
,0
,0
,0
,0
,0
,0
,0
,0
,0
,1
,1
,0
,0
,0
,1
,0
,0
,0
,0
,0
,0
,0
,1
,0
,0
,0
,0
,0
,0
,0
,0
,0
,0
,0
,1
,1
,0
,0
,0
,1
,1
,0
,1
,0
,0
,0
,0
,0
,0
,0
,0
,0
,0
,0
,0
,0
,0
,0
,0
,0
,0
,0
,0
,1
,0
,0
,1
,0
,0
,0
,0
,0
,0
,0
,0
,0
,0
,0
,0
,0
,0
,0
,0
,0
,0
,0
,0
,0
,0
,0
,0
,0
,0
,0
,0
,0
,0
,0
,0
,0
,1
,0
,1
,0
,0
,0
,0
,0
,0
,0
,1
,0
,0
,0
,0
,1
,0
,0
,0
,0
,0
,0
,0
,0
,0
,1
,0
,0
,0
,0
,0
,0
,0
,0
,1
,0
,0
,0
,0
,1
,0
,0
,0
,1
,0
,1
,0
,0
,1
,0
,0
,0
,0
,0
,0
,0
,0
"\wen u miss someone/n the person is definitely special for u..... but if the person is so special/n why to miss them/n just keep-in-touch\"" gdeve..""",0
,0
,0
,0
,0
,0
,0
,0
,0
,0
,0
,0
,0
,0
,1
,0
,0
,0
,0
,0
,0
,0
,0
,1
,0
,0
,0
,1
,0
,0
,1
,0
,0
,0
,0
,0
,0
,1
,0
,0
,0
,0
,0
,0
,0
,0
,0
,0
,0
,0
,0
,1
,0
,1
,0
,0
,0
,0
,0
,0
,0
,0
,0
,0
,0
,0
,0
,1
,0
,0
,0
,0
,0
,0
,0
,1
,1
,0
,0
,0
,0
,0
,0
,0
,0
,1
,1
,0
,0
,0
,0
,0
,0
,1
,0
,0
,0
,0
,0
,0
,0
,0
,0
,1
,0
,0
,0
,1
,0
,0
,0
,0
,0
,0
,0
,0
,0
,0
,0
,1
,0
,0
,0
,0
,0
,0
,0
,0
,0
,0
,0
,0
,0
,1
,0
,0
,1
,0
,1
,0
,1
,0
,1
,0
,0
,0
,0
,0
,0
,0
,0
,1
,0
,0
,0
,0
,0
,0
,0
,0
,0
,0
,0
,0
,0
,0
,0
,0
,0
,0
,0
,0
,0
,1
,0
,0
,0
,0
,0
,0
,0
,1
,0
,0
,0
,0
,0
,0
,0
,1
,0
,0
,1
,0
,0
,0
,0
,0
,0
,0
,0
,0
,0
,0
,0
,1
,0
,0
,0
,0
,1
,0
,0
,0
,0
,0
,0
,0
,0
,0
,0
,0
,0
,1
,0
,0
,0
,0
,0
,0
,0
,0
,0
,1
,0
,1
,1
,0
,0
,0
,0
,0
,0
,1
,0
,1
,0
,1
,0
,1
,0
,0
,0
,0
,0
,0
,0
,0
,0
,1
,0
,0
,0
,0
,0
,0
,0
,0
,0
,0
,0
,0
,0
,0
,0
,0
,0
,0
,0
,0
,0
,0
,1
,0
,0
,0
,0
,0
,0
,0
,0
,0
,0
,0
,1
,0
,0
,1
,0
,0
,0
,1
,0
,0
,0
,0
,0
,0
,0
,1
,1
,1
,0
,0
,0
,0
,1
,0
,0
,0
,0
,0
,0
,0
,0
,1
,0
,0
,0
,1
,0
,0
,0
,0
,0
,0
,0
,0
,0
,0
,0
,0
,0
,0
,0
,0
,0
,1
,1
,0
,0
,0
,0
,1
,0
,0
,0
,0
,0
,0
,0
,0
,0
,0
,0
,0
,1
,0
,1
,0
,0
,0
,0
,0
,0
,0
,0
,0
,1
,0
,0
,0
,0
,0
,0
,0
,0
,0
,0
,0
,1
,1
,0
,0
,0
,0
,0
,0
,0
,0
,0
,0
,1
,0
,0
,0
,0
,0
,1
,0
,0
,0
,0
,0
,0
,0
,0
,0
,0
,0
,0
,0
,0
,0
,0
,0
,0
,1
,1
,0
,0
,1
,0
,0
,0
,1
,0
,1
,0
,0
,0
,0
,0
,0
,0
,0
,0
,0
,0
,1
,0
,0
,0
,0
,0
,0
,1
,0
,0
,0
,0
,0
,0
,0
,0
,0
,1
,0
,0
,1
,1
,0
,0
,0
,0
,0
,0
,0
,0
,1
,0
,1
,0
,0
,1
,0
,0
,0
,0
,0
,0
,0
,0
,0
,0
,0
,0
,0
,0
,0
,0
,0
,1
,0
,0
,0
,1
,1
,0
,0
,0
,0
,0
,0
,0
,1
,0
,0
,0
,1
,0
,1
,1
,0
,0
,0
,0
,0
,0
,0
,0
,1
,0
,1
,0
,0
,0
,0
,0
,0
,0
,1
,1
,0
,0
,0
,0
,0
,0
,1
,0
,1
,0
,0
,0
,1
,0
,1
,1
,0
,0
,0
,1
,0
,0
,0
,0
,0
,1
,0
,0
,0
,0
,0
,1
,0
,0
,0
,0
,0
,0
,0
,0
,0
,1
,0
,1
,1
,1
,0
,0
,0
,0
,0
,1
,0
,1
,1
,1
,1
,0
,0
,0
,0
,0
,0
,0
,0
,0
,0
,0
,0
,0
,0
,0
,0
,0
,0
,1
,0
,0
,0
,0
,0
,0
,1
,0
,0
,1
,0
,0
,0
,0
,0
,0
,0
,0
,0
,0
,0
,0
,0
,0
,0
,0
,0
,0
,0
,1
,0
,0
,0
,0
,1
,0
,0
,0
,1
,0
,0
,0
,1
,0
,0
,0
,1
,0
,0
,0
,0
,0
,0
,0
,1
,0
,0
,0
,0
,0
,0
,1
,0
,0
,0
,0
,0
,0
,0
,0
,0
,0
,0
,0
,0
,0
,0
,0
,0
,0
,0
,0
,1
,0
,0
,0
,0
,0
,0
,0
,0
,0
,0
,0
,0
,0
,0
,0
,0
,0
,0
,1
,0
,0
,0
,0
,1
,0
,0
,0
,0
,0
,0
,0
,0
,0
,1
,0
,0
,0
,0
,1
,0
,0
,0
,0
,0
,0
,0
,0
,0
,0
,0
,0
,0
,0
,0
,0
"edison has rightly said, \a fool can ask more questions than a wise man can answer\"" now you know why all of us are speechless during viva.. gm/ngn/nge/ngnt:-)""",0
,0
,0
,0
,0
,0
,1
,0
,0
,1
,0
,1
,0
,0
,0
,0
,0
,0
,0
,0
,0
,1
,0
,0
,0
,1
,0
,0
,0
,0
,1
,0
,0
,1
,1
,0
,0
,0
,0
,0
,0
,0
,0
,0
,0
,0
,0
,0
,0
,0
,1
,0
,1
,0
,0
,0
,0
,0
,1
,0
,0
,0
,0
,0
,0
,0
,1
,0
,0
,0
,0
,0
,0
,0
,0
,0
,0
,0
,0
,1
,0
,1
,0
,1
,0
,0
,0
,1
,0
,0
,1
,0
,0
,0
,0
,0
,0
,0
,1
,0
,0
,0
,0
,1
,0
,0
,0
,1
,0
,0
,0
,0
,0
,0
,0
,1
,0
,0
,0
,0
,0
,0
,0
,0
,1
,0
,0
,0
,0
,0
,0
,0
,0
,1
,0
,0
,0
,0
,0
,0
,0
,0
,0
,0
,0
,0
,0
,0
,0
,0
,0
,0
,0
,0
,0
,1
,0
,1
,0
,0
,0
,0
,0
,0
,0
,0
,1
,0
,1
,0
,0
,0
,0
,0
,0
,0
,0
,0
,1
,0
,0
,0
,1
,0
,0
,0
,1
,0
,1
,0
,1
,0
,0
,0
,0
,0
,0
,0
,0
,0
,0
,0
,0
,0
,0
,0
,0
,0
,0
,0
,0
,0
,0
,1
,0
,0
,0
,0
,0
,0
,0
,0
,0
,0
,1
,0
,0
,0
,0
,0
,1
,0
,0
,0
,0
,1
,0
,0
,0
,0
,0
,0
,0
,0
,0
,0
,0
,0
,0
,0
,0
,0
,0
,0
,0
,0
,0
,0
,0
,0
,0
,0
,0
,0
,0
,0
,0
,0
,1
,1
,0
,0
,0
,0
,0
,0
,0
,0
,0
,1
,0
,0
,0
,0
,0
,0
,0
,0
,0
,1
,0
,0
,0
,0
,0
,0
,0
,0
,0
,0
,0
,0
,0
,0
,0
,0
,0
,0
,0
,0
,0
,1
,0
,0
,0
,0
,0
,0
,0
,0
,0
,0
,0
,0
,0
,0
,0
,1
,0
,0
,0
,0
,0
,0
,0
,1
,1
,0
,0
,1
,0
,1
,0
,0
,0
,0
,0
,0
,0
,0
,0
,0
,0
,0
,0
,0
,0
,0
,0
,0
,0
,0
,0
,0
,0
,0
,0
,0
,1
,0
,0
,0
,0
,0
,0
,1
,0
,0
,0
,0
,0
,0
,0
,0
,1
,0
,0
,0
,0
,0
,0
,1
,0
,0
,0
,0
,0
,0
,0
,0
,0
,0
,0
,0
,0
,1
,0
,0
,0
,0
,1
,0
,0
,0
,0
,0
,0
,1
,0
,1
,0
,1
,0
,0
,1
,0
,0
,1
,0
,0
,1
,0
,0
,0
,0
,0
,0
,0
,0
,0
,0
,0
,0
,0
,0
,0
,0
,0
,0
,0
,0
,0
,0
,1
,0
,0
,0
,0
,0
,0
,0
,1
,0
,1
,0
,0
,0
,0
,1
,0
,0
,0
,0
,0
,0
,0
,0
,0
,0
,1
,0
,0
,1
,0
,0
,0
,0
,0
,0
,0
,0
,0
,0
,0
,0
,0
,0
,1
,0
,0
,0
,0
,0
,0
,0
,1
,0
,0
,0
,0
,0
,0
,0
,0
,0
,0
,0
,0
,0
,0
,0
,0
,0
,0
,0
,0
,0
,0
,0
,0
,0
,0
,0
,0
,1
,1
,0
,0
,0
,0
,0
,0
,0
,0
,0
,0
,0
,0
,0
,0
,0
,0
,0
,0
,0
,1
,0
,0
,1
,1
,0
,0
,0
,0
,0
,0
,0
,0
,0
,0
,0
,0
,0
,0
,1
,0
,0
,0
,0
,0
,0
,0
,0
,0
,1
,0
,1
,0
,0
,1
,0
,0
,0
,0
,0
,0
,1
,0
,0
,1
,0
,1
,0
,0
,0
,0
,0
,0
,0
,0
,0
,0
,0
,0
,1
,0
,0
,0
,0
,0
,1
,0
,0
,0
,1
,0
,0
,0
,0
,0
,0
,0
,0
,0
,1
,1
,0
,0
,0
,0
,0
,0
,0
,0
,0
,0
,0
,0
,1
,1
,0
,0
,1
,0
,0
,0
,0
,0
,0
,0
,1
,0
,0
,0
,0
,0
,0
,0
,0
,0
,0
,0
,0
,0
,0
,1
,0
,0
,0
,1
,0
,0
,0
,0
,0
,0
,0
,0
,0
,0
,0
,0
,0
,0
,0
,1
,0
,0
,0
,0
,0
,0
,1
,0
,0
,0
,1
,0
,0
,0
,0
,0
,0
,0
,0
,0
,0
,0
,0
,0
,0
,0
,0
,0
,0
,0
,1
,0
,1
,0
,0
,0
,0
,0
,0
,0
,0
,0
,1
,1
,0
,1
,1
,0
,0
,0
,0
,0
,0
,0
,0
,0
,0
,0
,1
,0
,0
,0
,0
,0
,0
,0
,0
,0
,0
,0
,0
,0
,1
,0
,0
,0
,0
,0
,0
,0
,0
,0
,0
,0
,0
,0
,0
,0
,0
,0
,0
,0
,0
,0
,0
,1
,0
,0
,0
,0
,0
,0
,0
,0
,1
,0
,0
,0
,0
,0
,0
,0
,0
,1
,0
,0
,0
,0
,1
,0
,0
,0
,0
,0
,0
,0
,0
,0
,0
,0
,0
,0
,0
,0
,0
,0
,0
,0
,0
,1
,1
,1
,0
,0
,0
,1
,0
,0
,0
,0
,0
,0
,1
,1
,0
,0
,0
,0
,1
,0
,1
,0
,0
,0
,0
,0
,0
,0
,0
,1
,0
,0
,0
,0
,0
,0
,0
,0
,0
,0
,1
,0
,0
,0
,0
,0
,0
,0
,0
,0
,0
,0
,0
,0
,1
,1
,0
,0
,0
,0
,0
,0
,0
,0
,0
,1
,0
,1
,0
,0
,0
,0
,0
,0
,0
,0
,0
,0
,0
,0
,0
,0
,0
,0
,0
,0
,1
,0
,1
,0
,0
,0
,0
,0
,0
,1
,0
,0
,0
,0
,0
,0
,0
,1
,0
,0
,0
,0
,0
,0
,1
,0
,0
,0
,0
,0
,0
,0
,1
,0
,0
,0
,0
,0
,0
,0
,0
,0
,1
,0
,0
,0
,0
,0
,0
,0
,0
,0
,0
,1
,0
,0
,0
,0
,0
,0
,0
,0
,1
,0
,0
,0
,0
,0
,0
,0
,0
,0
,0
,0
,0
,0
,0
,0
,0
,0
,0
,0
,0
,1
,0
,0
,0
,0
,0
,0
,0
,0
,1
,0
,0
,0
,0
,0
,0
,0
,0
,0
,0
,1
,0
,0
,0
,0
,0
,1
,1
,0
,0
,1
,0
,0
,0
,0
,1
,0
,0
,0
,0
,0
,0
,0
,0
,0
,1
,0
,0
,0
,0
,1
,1
,0
,0
,0
,0
,1
,0
,0
,0
,0
,0
,0
,0
,0
,1
,0
,0
,0
,1
,0
,1
,0
,0
,0
,1
,0
,0
,0
,0
,1
,0
,0
,0
,0
,0
,0
,0
,0
,1
,0
,0
,0
,0
,0
,0
,0
,0
,0
,0
,0
,1
,1
,0
,0
,0
,0
,0
,0
,0
,0
,0
,0
,0
,0
,0
,1
,0
,0
,0
,0
,0
,0
,0
,0
,0
,1
,0
,0
,0
,0
,0
,0
,0
,0
,0
,0
,0
,0
,0
,0
,0
,0
,0
,0
,1
,0
,0
,0
,0
,0
,0
,0
,0
,0
,0
,0
,0
,0
,0
,0
,0
,0
,1
,0
,1
,0
,0
,0
,0
,0
,0
,0
,0
,0
,0
,1
,0
,0
,0
,1
,0
,0
,0
,0
,0
,0
,0
,0
,0
,0
,0
,0
,0
,0
,0
,0
,0
,0
,0
,0
,0
,0
,1
,1
,0
,1
,0
,0
,0
,0
,0
"i just lov this line: \hurt me with the truth/n i don't mind/ni wil tolerat.bcs ur my someone..... but/n never comfort me with a lie\"" gud ni8 and sweet dreams""",0
,0
,0
,0
,0
,1
,0
,0
,1
,0
,0
,1
,0
,1
,0
,0
,0
,0
,0
,0
,0
,0
,0
,0
,0
,0
,0
,0
,0
,0
,0
,0
,0
,0
,1
,0
,0
,0
,0
,1
,0
,1
,0
,0
,1
,0
,0
,0
,0
,0
,0
,0
,1
,1
,0
,1
,1
,1
,0
,0
,0
,0
,0
,0
,0
,0
,0
,0
,0
,0
,0
,0
,1
,0
,0
,0
,0
,0
,0
,0
,0
,0
,0
,0
,0
,0
,0
,1
,0
,0
,0
,0
,0
,0
,0
,0
,1
,0
,1
,0
,0
,0
,0
,0
,1
,0
,0
,0
,1
,0
,0
,1
,0
,0
,0
,0
,0
,0
,1
,0
,0
,0
,1
,0
,0
,0
,0
,0
,0
,0
,1
,0
,0
,0
,0
,0
,0
,0
,0
,0
,0
,0
,0
,0
,0
,0
,1
,0
,0
,0
,0
,0
,0
,0
,0
,0
,0
,1
,0
,0
,0
,0
,0
,0
,1
,0
,0
,0
,0
,0
,0
,1
,0
,0
,1
,0
,0
,0
,0
,0
,0
,0
,1
,0
,0
,0
,0
,0
,0
,0
,0
,0
,0
,0
,0
,0
,0
,0
,0
,0
,0
,0
,0
,0
,0
,0
,0
,0
,0
,0
,0
,0
,0
,0
,0
,0
,0
,1
,0
,0
,0
,0
,0
,0
,1
,1
,0
,0
,0
,0
,0
,0
,0
,0
,0
,0
,0
,0
,0
,0
,1
,0
,0
,0
,0
,0
,0
,0
,0
,0
,0
,0
,0
,0
,0
,0
,0
,0
,1
,0
,0
,0
,0
,0
,0
,0
,0
,0
,0
,1
,0
,0
,0
,0
,0
,0
,0
,0
,0
,0
,0
,0
,0
,0
,0
,0
,0
,0
,0
,0
,0
,0
,1
,0
,0
,0
,0
,0
,0
,0
,1
,0
,1
,0
,0
,0
,0
,0
,0
,0
,0
,0
,0
,0
,0
,0
,0
,0
,1
,1
,0
,0
,0
,0
,0
,1
,0
,1
,0
,0
,0
,0
,0
,0
,1
,0
,0
,0
,0
,0
,1
,0
,0
,0
,0
,0
,0
,0
,0
,0
,0
,0
,0
,0
,0
,0
,1
,0
,0
,0
,0
,0
,0
,0
,1
,0
,0
,0
,0
,0
,1
,0
,0
,0
,0
,0
,1
,0
,0
,0
,0
,0
,0
,0
,0
,0
,1
,0
,0
,0
,0
,0
,0
,0
,0
,0
,0
,0
,0
,0
,0
,0
,0
,0
,0
,0
,0
,1
,1
,0
,0
,0
,0
,1
,1
,0
,0
,0
,0
,0
,0
,0
,0
,0
,1
,0
,0
,0
,0
,0
,1
,0
,0
,0
,0
,1
,0
,1
,0
,0
,0
,0
,0
,1
,0
,0
,0
,0
,0
,1
,0
,0
,1
,0
,0
,1
,0
,0
,0
,0
,0
,0
,0
,1
,0
,0
,0
,0
,0
,0
,0
,0
,0
,1
,1
,0
,0
,0
,0
,0
,0
,0
,0
,0
,0
,0
,1
,0
,0
,0
,0
,0
,0
,0
,0
,0
,0
,0
,0
,0
,0
,0
,0
,0
,0
,0
,0
,0
,0
,0
,0
,1
,0
,0
,1
,0
,0
,0
,1
,0
,0
,0
,0
,1
,0
,0
,0
,0
,0
,0
,0
,0
,0
,0
,0
,1
,0
,0
,0
,0
,0
,0
,0
,0
,0
,0
,0
,1
,0
,0
,0
,1
,0
,0
,0
,0
,0
,0
,0
,0
,0
,1
,0
,0
,1
,0
,1
,0
,0
,1
,0
,0
,0
,1
,0
,0
,0
,1
,0
,0
,0
,0
,0
,0
,0
,0
,0
,0
,0
,0
,0
,1
,0
,1
,0
,0
,0
,0
,0
,0
,0
,0
,0
,0
,0
,0
,1
,0
,0
,0
,0
,0
,0
,0
,1
,0
,0
,0
,0
,0
,0
,0
,1
,0
,1
,0
,0
,0
,0
,0
,0
,0
,0
,0
,0
,0
,0
,0
,0
,0
,1
,0
,0
,0
,0
,1
,0
,0
,0
,0
,0
,0
,0
,1
,0
,0
,0
,0
,1
,0
,0
,0
,0
,0
,0
,0
,0
,0
,0
,0
,0
,0
,0
,0
,0
,0
,0
,0
,0
,0
,0
,0
,0
,0
,1
,0
,0
,0
,1
,0
,0
,0
,0
,0
,0
,0
,0
,1
,0
,0
,0
,0
,1
,0
,0
,0
,0
,0
,1
,0
,0
,0
,0
,0
,0
,0
,0
,0
,0
,0
,0
,0
,0
,1
,0
,0
,0
,0
,0
,0
,1
,0
,0
,1
,0
,1
,0
,0
,0
,0
,0
,0
,0
,0
,0
,1
,0
,0
,1
,0
,0
,0
,1
,1
,0
,0
,0
,1
,0
,0
,0
,0
,0
,0
,0
,0
,0
,0
,0
,0
,0
,0
,0
,0
,0
,0
,0
,0
,0
,0
,0
,0
,0
,0
,0
,0
,0
,0
,0
,0
,0
,0
,0
,0
,0
,0
,0
,0
,0
,1
,0
,0
,1
,0
,0
,0
,0
,1
,0
,0
,1
,0
,0
,0
,0
,0
,0
,0
,0
,0
,0
,0
,0
,0
,0
,0
,0
,0
,0
,0
,0
,0
,0
,0
,0
,1
,0
,0
,0
,0
,0
,0
,0
,0
,0
,0
,0
,0
,0
,0
,0
,0
,0
,0
,1
,0
,0
,0
,0
,0
,0
,0
,0
,0
,0
,0
,1
,0
,0
,1
,0
,0
,0
,0
,0
,1
,0
,0
,0
,0
,0
,0
,0
,0
,1
,0
,0
,0
,0
,0
,0
,0
,0
,0
,0
,0
,1
,0
,1
,0
,0
,0
,0
,0
,0
,0
,0
,1
,0
,0
,1
,0
,0
,0
,0
,0
,0
,1
,0
,1
,0
,0
,0
,0
,0
,0
,0
,0
,0
,0
,0
,0
,1
,0
,0
,1
,0
,0
,0
,0
,0
,0
,0
,0
,0
,0
,0
,0
,0
,0
,0
,0
,0
,0
,0
,0
,0
,0
,0
,0
,1
,0
,0
,0
,0
,1
,0
,0
,0
,0
,0
,0
,1
,1
,0
,0
,0
,0
,0
,0
,0
,0
,0
,0
,0
,0
,0
,0
,0
,0
,0
,0
,0
,0
,0
,0
,0
,0
,0
,0
,0
,0
,0
,1
,0
,0
,0
,0
,0
,1
,0
,0
,0
,0
,0
,1
,0
,0
,0
,0
,0
,0
,0
,0
,0
,0
,0
,0
,0
,0
,0
,0
,1
,1
,0
,0
,0
,0
,0
,0
,0
,1
,1
,0
,0
,1
,0
,0
,0
,0
,0
,0
,0
,0
,0
,0
,0
,0
,0
,1
,0
,0
,0
,0
,0
,0
,0
,0
,0
,0
,0
,0
,0
,0
,0
,0
,0
,1
,0
,0
,0
,0
,0
,0
,0
,0
,0
,0
,0
,0
,0
,0
,0
,0
,0
,0
,0
,0
,0
,0
,0
,0
,0
,1
,0
,0
,0
,0
,0
,0
,0
,0
,0
,0
,0
,0
,0
,0
,0
,0
,0
,0
,0
,0
,0
,1
,0
,0
,1
,0
,0
,0
,0
,0
,1
,0
,0
,0
,0
,0
,1
,0
,0
,0
,1
,0
,0
,0
,0
,0
,0
,0
,1
,0
,0
,0
,0
,0
,0
,0
,0
,0
,1
,1
,1
,1
,1
,1
,1
,0
,0
,0
,0
,0
,0
,0
,1
,0
,0
,0
,0
,0
,0
,0
,0
,1
,1
,0
,0
,0
,0
,0
,0
,0
,0
,0
,0
,0
,0
,0
,0
,0
,0
,1
,0
,0
,1
,0
,0
,0
,0
,1
,0
,0
,0
,0
,0
,0
,0
,0
,0
,0
,0
,0
,0
,0
,1
,0
,0
,0
,0
,0
,0
,0
,0
,0
,0
,0
,1
,1
,0
,0
,0
,0
,1
,0
,0
,0
,0
,0
,0
,0
,0
,0
,0
,0
,0
,0
,0
,0
,0
,0
,0
,0
,0
,0
,0
,0
,0
,0
"\hey babe! far 2 spun-out 2 spk at da mo... dead 2 da wrld. been sleeping on da sofa all day/n had a cool nytho/n tx 4 fonin hon/n call 2mwen im bk frmcloud 9! j x\""""",0
,0
,1
,1
,0
,0
,0
,0
,0
,0
,0
,0
,0
,0
,0
,0
,0
,0
,0
,0
,0
,1
,0
,0
,0
,0
,0
,0
,0
,1
,0
,0
,0
,1
,0
,1
,0
,1
,0
,0
,0
,1
,0
,0
,1
,0
,0
,1
,0
,0
,0
,0
,0
,0
,0
,0
,0
,0
,1
,0
,1
,0
,0
,0
,0
,0
,0
,0
,1
,0
,0
,1
,0
,0
,0
,0
,0
,0
,0
,0
,0
,0
,0
,0
,0
,0
,0
,0
,0
,0
,0
,0
,0
,1
,0
,0
,0
,0
,0
,0
,0
,0
,0
,0
,1
,0
,0
,0
,0
,0
,0
,0
,1
,0
,0
,1
,0
,0
,0
,1
,0
,0
,0
,0
,0
,0
,0
,0
,0
,0
,0
,0
,0
,0
,0
,0
,0
,0
,0
,0
,0
,0
,0
,0
,0
,0
,0
,0
,1
,0
,0
,0
,1
,0
,0
,0
,0
,0
,0
,0
,0
,0
,0
,0
,0
,0
,0
,0
,0
,0
,0
,1
,0
,0
,0
,0
,0
,0
,0
,0
,0
,0
,1
,0
,0
,0
,0
,0
,0
,0
,0
,0
,0
,1
,0
,0
,0
,0
,1
,0
,0
,0
,0
,0
,0
,0
,0
,0
,0
,0
,0
,0
,0
,0
,0
,1
,0
,0
,0
,0
,0
,0
,0
,1
,0
,0
,0
,0
,1
,0
,0
,1
,0
,0
,0
,0
,1
,0
,0
,1
,0
,0
,0
,0
,0
,0
,0
,0
,0
,0
,0
,1
,0
,1
,0
,0
,0
,0
,0
,0
,0
,0
,1
,0
,0
,1
,0
,0
,0
,0
,0
,0
,0
,0
,1
,0
,0
,0
,0
,0
,1
,0
,0
,0
,0
,0
,0
,0
,0
,0
,0
,0
,1
,0
,0
,0
,0
,0
,0
,0
,0
,1
,0
,0
,0
,0
,0
,0
,0
,0
,0
,0
,0
,0
,0
,0
,0
,0
,0
,0
,0
,1
,0
,0
,0
,0
,0
,0
,0
,1
,0
,0
,0
,1
,0
,1
,0
,1
,0
,0
,0
,0
,0
,0
,0
,0
,0
,0
,0
,0
,0
,0
,0
,0
,0
,0
,0
,0
,1
,0
,0
,0
,0
,0
,1
,0
,1
,0
,1
,0
,1
,0
,0
,0
,0
,0
,0
,0
,1
,1
,0
,0
,0
,0
,0
,0
,1
,0
,0
,0
,0
,0
,0
,0
,1
,0
,0
,0
,0
,0
,0
,0
,0
,0
,0
,0
,0
,0
,0
,0
,0
,0
,0
,0
,0
,1
,0
,0
,0
,0
,0
,0
,0
,0
,0
,0
,0
,1
,0
,0
,0
,0
,0
,0
,0
,0
,1
,0
,0
,0
,0
,1
,0
,0
,0
,1
,0
,0
,0
,0
,0
,1
,0
,0
,1
,0
,0
,0
,0
,0
,0
,1
,0
,0
,1
,0
,0
,0
,0
,0
,0
,1
,1
,0
,1
,0
,0
,0
,0
,0
,0
,0
,0
,0
,1
,1
,0
,0
,0
,1
,0
,0
,0
,1
,0
,0
,0
,0
,0
,0
,0
,0
,0
,0
,0
,0
,0
,0
,0
,1
,0
,0
,0
,0
,0
,1
,0
,0
,0
,0
,1
,1
,0
,0
,0
,0
,0
,0
,0
,0
,0
,0
,0
,1
,1
,0
,0
,0
,0
,0
,0
,1
,1
,0
,0
,0
,1
,0
,0
,0
,1
,0
,0
,0
,0
,0
,0
,0
,0
,1
,0
,1
,0
,0
,1
,0
,0
,0
,0
,0
,0
,0
,0
,0
,0
,1
,0
,1
,0
,0
,0
,1
,0
,0
,0
,1
,0
,0
,0
,0
,0
,0
,0
,0
,0
,0
,0
,0
,0
,0
,1
,0
,0
,0
,0
,0
,0
,1
,0
,0
,0
,0
,0
,0
,0
,0
,0
,1
,0
,0
,0
,0
,1
,0
,0
,0
,0
,1
,0
,1
,0
,0
,0
,0
,0
,1
,0
,0
,0
,1
,0
,0
,1
,0
,0
,0
,0
,0
,0
,0
,0
,0
,0
,0
,0
,0
,1
,0
,0
,0
,0
,0
,0
,0
,0
,0
,0
,0
,0
,1
,0
,1
,1
,1
,0
,0
,0
,0
,0
,1
,0
,0
,0
,0
,0
,0
,1
,0
,0
,0
,0
,0
,0
,0
,0
,0
,0
,0
,0
,0
,0
,0
,0
,0
,0
,0
,0
,0
,0
,1
,1
,0
,0
,0
,0
,0
,1
,0
,0
,0
,0
,1
,1
,0
,0
,0
,0
,0
,0
,1
,0
,1
,0
,0
,0
,0
,0
,0
,0
,0
,0
,0
,0
,0
,0
,1
,0
,0
,0
,0
,0
,0
,0
,1
,1
,0
,0
,0
,0
,0
,0
,0
,0
,0
,0
,0
,0
,0
,1
,1
,1
,1
,1
,0
,0
,0
,0
,0
,0
,0
,0
,0
,0
,0
,1
,0
,0
,0
,0
,0
,0
,0
,0
,0
,0
,0
,0
,0
,0
,0
,0
,0
,1
,0
,0
,0
,0
,0
,0
,0
,0
,0
,0
,0
,0
,0
,0
,0
,0
,0
,0
,1
,0
,0
,0
,0
,0
,0
,1
,0
,0
,0
,1
,0
,0
,0
,0
,0
,0
,0
,0
,0
,0
,0
,1
,0
,1
,0
,0
,1
,1
,0
,0
,0
,0
,0
,0
,0
,0
,1
,0
,0
,0
,0
,0
,0
,0
,1
,0
,0
,0
,0
,0
,0
,0
,0
,0
,0
,0
,0
,1
,0
,0
,1
,0
,0
,0
,0
,0
,0
,0
,0
,0
,0
,0
,0
,0
,0
,0
,0
,0
,0
,0
,0
,0
,0
,0
,0
,0
,1
,0
,0
,0
,0
,0
,0
,0
,0
,0
,0
,0
,0
,0
,1
,0
,0
,0
,0
,0
,0
,0
,0
,0
,1
,0
,0
,0
,0
,0
,0
,0
,0
,0
,0
,0
,0
,1
,0
,1
,0
,0
,0
,0
,0
,0
,0
,0
,0
,0
,0
,0
,0
,0
,0
,0
,0
,0
,0
,0
,0
,0
,0
,1
,1
,0
,0
,0
,0
,0
,1
,0
,0
,0
,0
,0
,0
,0
,1
,0
,0
,1
,0
,0
,0
,0
,0
,0
,0
,0
,0
,1
,0
,0
,0
,0
,0
,0
,1
,0
,0
,0
,0
,0
,0
,0
,0
,1
,0
,0
,0
,0
,0
,0
,0
,0
,0
,0
,0
,0
,0
,0
,0
,0
,0
,0
,0
,0
,0
,0
,0
,0
,0
,0
,0
,1
,0
,0
,1
,0
,0
,1
,1
,1
,0
,0
,0
,0
,1
,0
,1
,1
,0
,0
,0
,0
,1
,0
,0
,0
,0
,0
,0
,0
,0
,0
,1
,0
,0
,0
,0
,0
,0
,0
,0
,0
,0
,0
,0
,0
,1
,0
,0
,0
,0
,0
,0
,0
,0
,0
,0
,0
,1
,1
,0
,0
,0
,0
,0
,0
,0
,0
,0
,0
,0
,0
,0
,1
,0
,0
,0
,1
,0
,0
,0
,0
,1
,0
,0
,0
,0
,0
,1
,0
,0
,0
,0
,0
,0
,0
,0
,0
,0
,0
"when i was born, god said, \oh no! another idiot\"". when you were born/n god said/n \""oh no! competition\"". who knew/n one day these two will become freinds forever!""",0
,0
,0
,1
,0
,0
,1
,0
,0
,0
,0
,0
,0
,0
,0
,0
,0
,0
,0
,0
,0
,0
,0
,0
,0
,0
,1
,0
,0
,0
,0
,1
,0
,0
,0
,0
,0
,0
,0
,0
,0
,0
,0
,0
,0
,0
,0
,0
,0
,0
,0
,0
,0
,0
,0
,1
,0
,0
,1
,0
,0
,0
,0
,0
,0
,1
,0
,0
,0
,0
,0
,0
,0
,0
,0
,0
,1
,0
,0
,0
,0
,0
,1
,0
,1
,0
,0
,0
,0
,1
,1
,0
,0
,0
,0
,0
,0
,0
,1
,0
,0
,0
,0
,0
,0
,0
,0
,0
,0
,0
,0
,0
,0
,0
,0
,0
,1
,0
,0
,0
,0
,0
,0
,0
,0
,0
,0
,1
,1
,0
,0
,0
,0
,0
,0
,0
,0
,0
,1
,0
,0
,0
,0
,0
,0
,0
,0
,0
,0
,0
,0
,1
,0
,1
,0
,0
,0
,0
,0
,0
,0
,0
,0
,0
,1
,0
,0
,0
,0
,0
,0
,1
,0
,0
,0
,1
,0
,0
,0
,0
,0
,0
,0
,0
,0
,0
,0
,0
,0
,0
,0
,0
,0
,1
,1
,0
,0
,0
,0
,0
,0
,0
,0
,0
,0
,0
,0
,1
,0
,1
,0
,0
,0
,0
,0
,0
,0
,0
,1
,0
,0
,0
,0
,0
,0
,0
,1
,0
,0
,0
,0
,1
,0
,1
,0
,0
,1
,0
,0
,0
,0
,0
,0
,0
,1
,0
,0
,0
,1
,0
,0
,0
,0
,0
,0
,0
,0
,0
,0
,0
,1
,1
,0
,0
,0
,0
,0
,0
,0
,0
,0
,0
,0
,0
,0
,0
,0
,0
,1
,1
,0
,0
,0
,1
,0
,0
,0
,0
,0
,0
,0
,0
,0
,0
,0
,1
,0
,1
,1
,0
,0
,0
,0
,0
,0
,0
,0
,0
,0
,0
,0
,0
,0
,0
,0
,1
,0
,0
,0
,0
,0
,1
,0
,0
,0
,0
,0
,0
,0
,0
,0
,0
,0
,0
,1
,0
,0
,0
,0
,0
,0
,0
,1
,0
,0
,0
,0
,0
,1
,0
,0
,0
,0
,0
,0
,0
,0
,1
,1
,0
,1
,0
,0
,0
,0
,0
,0
,1
,0
,0
,0
,1
,0
,1
,0
,0
,0
,0
,0
,0
"edison has rightly said, \a fool can ask more questions than a wise man can answer\"" now you know why all of us are speechless during viva.. gm/ngn/nge/ngnt:-)""",0
,0
,0
,0
,0
,1
,0
,0
,0
,0
,1
,0
,0
,0
,0
,0
,0
,0
,1
,0
,0
,1
,0
,1
,0
,0
,1
,0
,0
,1
,0
,0
,0
,0
,0
,0
,0
,0
,0
,0
,0
,0
,0
,0
,0
,0
,0
,0
,0
,0
,1
,0
,0
,0
,1
,0
,0
,0
,0
,0
,0
,0
,1
,0
,1
,0
,0
,1
,0
,0
,0
,0
,1
,0
,0
,0
,0
,0
,0
,0
,0
,0
,0
,0
,0
,0
,0
,0
,0
,1
,0
,0
,0
,1
,0
,0
,0
,0
,0
,1
,0
,0
,0
,0
,0
,0
,0
,0
,0
,0
,0
,0
,0
,0
,0
,0
,1
,0
,0
,0
,0
,0
,0
,0
,0
,0
,0
,0
,0
,0
,1
,0
,0
,0
,0
,0
,0
,0
,0
,0
,0
,1
,1
,0
,0
,0
,0
,0
,1
,0
,0
,0
,1
,1
,0
,0
,0
,1
,0
,0
,0
,0
,0
,0
,0
,0
,1
,0
,0
,0
,0
,0
,0
,0
,0
,0
,0
,0
,0
,0
,1
,0
,0
,0
,1
,0
,0
,0
,0
,1
,0
,0
,0
,0
,0
,0
,0
,0
,0
,0
,0
,0
,1
,0
,0
,0
,0
,0
,0
,0
,0
,0
,0
,0
,0
,0
,0
,0
,0
,0
,0
,1
,0
,0
,0
,0
,0
,0
,0
,0
,1
,0
,0
,0
,0
,0
,0
,1
,0
,0
,0
,0
,0
,0
,1
,0
,1
,0
,0
,0
,0
,0
,0
,0
,0
,0
,0
,0
,0
,0
,0
,0
,0
,0
,0
,0
,1
,0
,0
,0
,0
,0
,0
,0
,0
,0
,0
,0
,0
,0
,0
,0
,0
,0
,0
,0
,0
,0
,0
,0
,0
,0
,0
,0
,1
,0
,0
,0
,0
,0
,0
,0
,0
,0
,0
,0
,0
,0
,0
,0
,0
,0
,0
,0
,0
,0
,1
,1
,1
,0
,1
,0
,1
,0
,0
,0
,0
,0
,0
,1
,1
,0
,0
,1
,0
,0
,0
,0
,0
,0
,0
,0
,0
,0
,0
,0
,0
,0
,0
,0
,0
,0
,0
,0
,0
,0
,0
,0
,0
,0
,0
,0
,0
,0
,0
,0
,0
,0
,0
,0
,0
,0
,0
,0
,0
,0
,0
,0
,0
,1
,0
,0
,0
,0
,0
,0
,0
,0
,0
,0
,0
,0
,0
,0
,0
,1
,0
,0
,0
,0
,0
,1
,0
,0
,0
,0
,0
,0
,1
,0
,0
,0
,1
,0
,1
,0
,0
,0
,1
,1
,1
,0
,0
,0
,0
,0
,0
,0
,0
,0
,0
,0
,0
,0
,1
,0
,0
,0
,0
,1
,0
,0
,0
,0
,1
,0
,0
,0
,0
,1
,0
,0
,0
,1
,0
,0
,0
,0
,0
,0
,0
,0
,0
,0
,0
,0
,0
,0
,0
,0
,0
,0
,0
,0
,0
,0
,1
,0
,1
,0
,0
,0
,0
,0
,0
,0
,0
,0
,0
,1
,0
,0
,1
,0
,0
,0
,0
,0
,0
,1
,0
,0
,0
,0
,0
,0
,0
,0
,0
,0
,0
,0
,0
,0
,0
,0
,0
,0
,1
,1
,0
,0
,0
,0
